Country,1960,1961,1962,1963,1964,1965,1966,1967,1968,1969,1970,1971,1972,1973,1974,1975,1976,1977,1978,1979,1980,1981,1982,1983,1984,1985,1986,1987,1988,1989,1990,1991,1992,1993,1994,1995,1996,1997,1998,1999,2000,2001,2002,2003,2004,2005,2006,2007,2008,2009,2010,2011,2012,2013,2014,2015,2016,2017,2018,2019,2020,2021,2022,2023,2024
Zimbabwe,1053528036.42755,1097206526.43457,1118172225.65019,1160103724.1325,1217759447.00099,1312105393.62448,1282403936.37681,1397715282.06274,1480355354.94474,1748891294.20526,1885168339.10681,2179828710.18738,2679096596.57517,3311043291.61257,3984194614.19552,4373532601.15703,4320576876.79177,4366610468.65438,4353822342.61788,5180102910.1171,6682278300.2622,8015464251.71692,8544060905.16113,7768031181.67262,6355369171.99585,5640137575.00727,6220698246.72927,6744657033.37727,7818774176.83792,8290553535.28012,8788301546.04498,8646000000.0,6755000000.0,6567250000.0,6894250000.0,7115000000.0,8557500000.0,8534000000.0,6405250000.0,6861500000.0,6693250000.0,6780750000.0,6345250000.0,5730500000.0,5808500000.0,5758250000.0,5446750000.0,5294750000.0,4418000000.0,9670750000.0,12047750000.0,14109000000.0,17123500000.0,19100750000.0,19505500000.0,19973250000.0,20559250000.0,51035657370.5179,34141666666.6667,33357695635.1284,31980334561.3123,41287673690.0771,40757561708.7741,35871779680.6335,41539411516.4448
Zambia,698739720.783607,682359727.329053,679279728.55982,704339718.545848,822639671.273187,1061199575.94465,1238999504.8958,1340639464.28047,1573739371.13375,1926399230.21087,1788779285.2038,1653259341.29113,1872416680.07912,2434255236.99935,2910981262.10018,2442672140.947,2742859262.9794,2515296939.60686,2811032472.93922,3353445378.15126,3884530853.76162,4008126497.36464,3871117092.86676,3321048451.15171,2719518932.99541,2252454500.14896,1664413508.09853,2265250972.34879,3728878148.80792,3994673161.02649,3288381797.32415,3376806697.1218,3182810841.01704,3273505343.85539,3656806165.78848,3806983413.16416,3597220962.00017,4303288479.7086,3537741941.89367,3404284890.5306,3600632111.41414,4094441301.21423,4193850445.42632,4901869764.05957,6221110219.45542,8331870169.14977,12756858899.2812,14056957976.2648,17910858637.9048,15328342303.9575,20265559483.8548,23459515275.5776,25503060420.026,28037239462.7142,27141023558.0829,21251216798.7762,20958412538.3093,25873601260.8353,26311507273.6735,23308667781.2258,18137764930.651,22096416932.0089,29163782140.4858,27577956471.244,25303185342.2511
Uganda,423145605.043164,441667334.611947,449158233.391351,516315231.449087,589247687.30035,884502309.953801,925381492.370153,967240655.186896,1037379252.41495,1168556628.86742,1259554808.90382,1417191656.16688,1490970180.59639,1701829789.02127,2098944967.20844,2359555555.55556,2447300000.0,2936470588.23529,2420260869.56522,2139025000.0,1244610000.0,1337300000.0,2177500000.0,2240333333.33333,3615647477.05434,3519695443.52516,3923244049.95796,6269522042.11556,6508931651.66667,5276480799.33868,4304399310.30967,3321729159.62277,2857457761.90922,3220439044.18949,3990430446.71216,5755818842.49246,6044585326.938,6269333313.17108,6584815846.52754,5998563257.94659,6193246837.09687,5840503868.51573,6178563591.12051,6606884275.23087,7939487547.77384,9239221763.05793,9977647682.96954,11902564494.8833,14440404132.2047,25127805566.6584,26673441430.7857,27871725241.4723,27305915910.7877,28915786516.6123,32612397257.4458,32387183730.1002,29203988696.2626,30744473841.424,32927025619.6795,35353061003.4359,37600368241.6657,40529788748.6737,45565333210.9108,48768955863.3175,53911907086.1525
Tunisia,,866155428.571429,880027733.333333,1026737600.0,1025866792.15686,991047619.047619,1040952380.95238,1085714285.71429,1214666666.66667,1289904761.90476,1439238095.2381,1685162272.40652,2237556148.51085,2730813385.32624,3545868575.14639,4328965587.53266,4508191942.16081,5109324009.32401,5968460080.1113,7188863903.63675,8744134354.16152,8428445294.08429,8133580051.70251,8350582747.83541,8254541194.82566,8410226052.6114,9017806654.4169,9696715910.70907,10096245762.4352,10101851744.5627,12290568181.8182,13074782608.6957,15496708060.4184,14608335608.1543,15633174304.0905,18030876599.3444,19587161806.7655,20746210353.845,21802893587.126,22943202174.9668,21473528160.7782,22065832448.8623,23141616604.5242,27453902261.4629,31183885241.4396,32272186694.8043,34376664600.5898,38915353866.757,44859439902.2191,43455740497.3061,46206091937.9628,48123325825.0739,47311401812.6733,48685446413.953,50271812920.612,45779494041.9295,44360072680.4476,42163530590.9462,42686504459.801,41905642418.825,42491780918.361,47073234359.1819,44929920092.7955,48205328303.3398,51332285656.5422
Togo,171057069.137772,178497098.264275,186745757.859216,202305865.235908,234572186.455851,264505506.022433,305227594.821437,327215843.636336,341691567.465593,378091809.602636,358665753.909298,404648367.76644,474043921.843537,574030983.980053,791450308.362944,871781686.907321,874681611.928369,1097893825.98815,1164025637.26464,1259365711.53521,1604836915.96662,1359026709.45126,1160337039.38068,1081387264.60786,1014170069.21689,1076604520.42427,1498219578.86978,1763978065.8368,1947208354.22555,1910635575.38044,2299665505.61434,2262767860.10937,2390796915.91958,1741944426.20894,1387662121.46736,1849110468.19569,2069506014.46659,2116818622.95834,2241650112.33333,2226577203.91399,2106848752.27753,2093498674.49678,2410199032.43102,2987984050.99318,3191561508.69088,3221910408.46516,3320907721.74508,3759962853.26476,4578847112.70688,4721888275.26937,4746386893.22553,5422439152.10906,5413541649.14901,6021729629.82454,6393314707.85456,5755457836.01866,6071167584.1951,6387424239.8801,7029215766.46367,6992654019.28876,7486031561.86885,8541668141.26198,8646453099.4124,9816236302.58515,10651180146.531
Tanzania,2651729807.38808,2826179031.22839,3101589992.664,3456579293.44828,3748840925.06363,3817226546.22938,4377998825.12047,4565132047.52718,4895251824.05927,5142066811.47328,2851419386.07225,3050673517.33059,3472787266.0964,4144104535.49655,4977337978.35959,5729917839.54264,6472511987.84735,7732598995.10303,9261675709.83072,9804637490.81892,11409228086.7463,13161540377.5792,13927383239.8322,14049883809.0089,12906635133.1557,15328295175.4067,10840864521.2338,7824193222.11908,7406614407.46127,6418799006.80247,6184384225.02712,7197768158.58347,6681997469.31292,6182872707.82523,6550480483.9385,7631431840.49992,9433528150.36609,11158197941.9152,12172790056.3733,12704334195.8151,13371767081.7428,13563990022.3641,14129651895.6911,15211487708.7684,16673062473.3981,18395383647.4975,18619859795.2852,21860434823.4808,27947821397.9272,29400573553.6075,32012892919.37,34657140096.4836,39650394362.9287,45648857242.315,49986726460.6805,47413919817.124,49774409374.4538,53274884532.7886,57003712892.0858,61026731925.9213,66068737786.0639,70655628147.8986,75749121842.9149,79030935627.0781,78844405385.2195
Sudan,1126364161.7644,1222860428.55503,1328259624.72217,1351234926.33899,1388282600.1961,1446869619.31898,1484491675.71652,1607409539.36648,1677771400.56798,1847501441.26221,2100229759.04718,2288340041.03486,2483055722.23738,3077254460.30228,3958931659.84759,4823090191.91008,6013210815.66115,7499005639.37649,8128719315.0792,8418407786.60599,8951800000.0,10753888154.2798,8732542273.73424,8230153846.15385,10447615384.6154,8075259600.3398,10092200000.0,12093333333.3333,14372555555.5556,21408111111.1111,33641222222.2222,44171194366.2039,7031933491.84899,8881005435.80602,12793794737.042,13830363899.9163,9018300724.66086,11681175864.3383,11250221536.7484,10682028339.6898,12257299147.2936,15716361792.1926,18137128388.3606,21355298459.5955,26646007250.7319,35182711987.974,45263831634.1497,59440139774.8128,64833083257.1431,51621044076.9231,58962978034.4828,55018567210.5263,37632919966.6667,43024018082.1918,49516748617.9775,51726758676.7677,42630376000.0,41283617976.1905,32333780383.2924,32338079165.2893,27034593750.0,34229513774.9936,51666875363.0963,39898289820.7951,49672435513.1126
South Sudan,,,,,,,,,,,,,,,,,,,,,,,,,,,,,,,,,,,,,,,,,,,,,,,,,14586253383.0632,12231264525.0671,14602072410.9506,14907308932.7534,11931472169.4915,18426469016.9492,13962212847.4576,11997800760.2242,,,,,,,,,
South Africa,8748596500.5614,9225996309.60148,9813996074.40157,10854195658.3217,11955995217.6019,13068994772.4021,14211394315.4423,15821393671.4425,17124793150.0827,19256992297.2031,21218391512.6434,23411076638.279,24515919216.8851,33262772008.1446,41389186094.5992,42906905672.42,41150460287.6151,45328411332.1028,51607412901.8532,63038658088.9121,89411864402.4272,93141472163.7596,85904057409.3585,96204110941.5672,84870163365.9306,64459376086.6883,73354771399.2627,96535763418.3729,103976831870.957,108055624081.806,126048140141.869,135203698237.977,146956150986.636,147194747565.75,153512712381.836,171735933897.331,163234925380.563,168978057327.73,152982984557.233,151516957078.536,151752757215.309,135429905922.526,129087556612.449,197018965308.697,255806908594.573,288867217196.534,303858675363.643,333077117253.684,316131258616.309,329754060647.129,417363822801.713,458199494830.834,434400545085.811,400886013595.573,381198869776.106,346709790458.563,323585509674.481,381448814653.456,405260723892.517,389330032224.269,337974655408.055,419986284375.368,407596043067.885,381440724491.232,401144998373.585
"Somalia, Fed. Rep.",180459936.776025,191659914.376034,203531927.547229,216145935.941626,229529912.668035,243725898.029641,257375897.049641,271781886.807245,286719885.312046,306357284.571429,347985394.285714,347039445.705569,447883941.190165,483699610.602563,572504035.901509,757015878.792693,871344245.115171,498550724.637681,564571823.20442,589566929.133858,602515548.452104,699302473.050095,774578931.96392,735408641.768548,787434541.728857,875702247.191011,916590786.326105,1018972664.4638,1051596967.1287,1181360843.93549,1031282081.16683,717974929.763158,709297578.5,1260132955.78746,1481205097.98113,1534756134.55022,1792234297.39194,2191749013.58124,2962047564.41651,3045751527.66005,3412797450.20112,2252847464.68608,2192684134.59273,2836724351.5616,3859592813.10255,4683246454.10048,5026743282.04251,5430713728.89074,5913620292.90573,2948594552.44952,2687807003.73935,2906000096.93249,4364670159.99578,5062881600.00104,5728399719.99958,6152149099.99942,6613743069.99912,7621501710.0012,7873000000.0,8656000000.0,8628000000.0,9483000000.0,10203000000.0,10958000000.0,11967000000.0
Sierra Leone,322009961.547048,327834190.577094,342721416.490967,348547278.787707,371847461.441278,359379856.248058,375479849.80806,348795303.000385,329859731.943893,408690163.476065,434410973.76439,419549304.72479,465381339.740404,575230724.377773,648590642.939889,679336343.584559,594895941.914381,691777583.951156,960728338.93643,1109374911.30306,1100685844.92284,1114830471.91787,1295361885.92419,995104305.347075,1087471861.98928,856890459.363958,490181456.62441,660106336.104339,1055083933.07498,932974420.276529,649644097.566129,779981987.10656,679940813.948366,768867882.965994,911853802.365613,870740291.519248,941709422.502965,850232760.017239,672368187.114756,669386623.951402,635866403.776065,1681473893.76655,1933863910.73227,2142618045.93129,2237350687.46606,2545275312.60512,3263697466.73514,3632957611.35152,4157895298.19572,3953403098.37107,4262805966.78755,4861632884.67985,6141666509.36295,7502762862.72657,7686138790.90872,6788352974.78329,6084297211.10217,5749846528.48046,6390514688.52816,6523577594.29408,6688307703.1447,7166931485.49433,7121125277.52542,6415852766.73832,6971127235.3123
Seychelles,12012024.6246505,11592023.7636487,12642025.9161531,13923028.5422085,15393031.5557147,15603031.9862156,16443033.7082191,16632032.1339974,16074027.6473276,16452028.2974887,18432031.7030945,21965950.7711142,30645122.9204727,36896280.4764104,43134496.1645367,47803145.9480985,49278981.7550701,64526401.4638544,85552365.8005137,127261099.223864,156783829.504298,163750728.155916,157211789.714587,156098237.022585,160992920.960262,179691482.72165,221147061.290068,265212956.838633,301985618.085556,324333366.514829,392163560.868669,398307169.860405,461409398.855893,504230620.551871,517570058.151034,540733047.733048,535250347.089479,598966982.350186,647287375.762528,662838614.880674,654212394.27164,662064155.920692,742134837.50919,750847230.099263,893012218.181818,977899381.818182,1081441283.31798,1077308813.82945,979597394.293453,850901620.433301,981616542.328454,1058918707.26124,1089407839.19709,1333160407.38516,1387577870.08161,1432403352.12944,1568513348.14463,1675370641.01416,1784313926.76807,1868690096.73454,1382551751.56908,1487173794.80528,2018346588.73752,2187379754.66167,2167239562.46013
Senegal,1003692370.46869,1058975256.97025,1085475790.59112,1122139861.67805,1188930645.34423,1210058228.17112,1246908185.96343,1246480765.97984,1309384861.92219,1245234931.43233,1297407654.92832,1339549032.83782,1620857103.53492,1863398590.4556,2099325228.95651,2830388404.8977,2869777884.45166,2938046462.7098,3280354920.8516,4084877822.91679,4510108290.69571,4095892780.58289,4013951442.67081,3569356124.93159,3485165431.71354,3818944917.56713,5392093445.51053,6487353102.81483,6418419388.63499,6366039372.53683,7390967360.42121,7255210469.51743,7769817839.95644,7367986241.21869,5034588195.55806,6326342633.4034,6559712165.96508,6041478725.90443,6505607909.05324,6592834932.80876,6013185003.97525,6507824829.26254,7006402319.75856,8768721563.18211,10076816666.6196,11009033437.939,11697918243.0035,13994218412.9619,16853989627.548,16145867494.9405,16121315909.0758,17814283639.3119,17660870411.5235,18918667724.8817,19797253440.2679,17774766696.1759,19040312333.1864,20996562943.5979,23116701556.1381,23403995992.1354,24530513037.7518,27520784129.7508,27783332222.6759,30696331295.7826,32808056600.9436
Sao Tome and Principe,,,,,,,,,,,37211826.0869565,37288845.210287,41430256.8067496,56011244.7398414,57817591.4570048,60101709.8452627,52039421.1975774,49207692.3210324,55044562.8014217,65755928.1359723,81662231.0329968,83499263.5007481,80307762.6236105,75110289.1832665,78213795.9250336,82733069.4418031,115928906.745482,115952925.468271,99000764.3902251,98545367.0431211,119297932.757045,107484142.71556,94861780.6228352,125742228.756741,131338414.584209,103695236.781001,135188165.74708,91920274.2401657,72285403.8423458,77302211.9248351,76198394.8202671,75951133.3777948,85171073.8777498,102085769.123419,114582283.916382,136450662.390592,142775104.081626,149146918.888611,188021165.00338,200668065.03175,190021192.489536,226455001.243083,225815131.929273,267041747.584354,293119143.246825,259999643.047388,292267272.196925,322002845.229335,383717327.830508,412976082.620705,471229484.607144,524402455.54816,540809499.189348,690456806.696406,822154621.088897
Rwanda,119000024.0,122000016.0,125000008.0,128000000.0,129999994.0,148799980.0,124525702.857143,159560018.0,172200018.0,188700037.0,219900006.0,222952504.40607,246457838.336681,290746157.145921,308458423.183854,571863500.248658,637753853.12552,746650613.034794,905709076.42303,1109346130.95265,1254765641.52116,1407062526.91521,1407243139.2545,1479687586.94292,1587413083.9206,1715626330.59472,1944710683.87148,2157432667.61598,2395492686.78165,2405022593.05165,2550185679.08109,1911600236.67461,2029026961.55894,1971525711.83511,753636370.454545,1293535193.49248,1382334879.40812,1851558197.31088,1989343546.17594,2157108262.84452,2068836754.37431,1966600715.49841,1966003468.49117,2138237278.73822,2376496067.01198,2933819766.17656,3319784538.73346,4070507894.61656,5179854064.57033,5674476969.06444,6124756654.12346,6884913658.10632,7654761050.18587,7819964030.17937,8238966124.23115,8543760199.80208,8695272057.91798,9252833891.40871,9637904520.86283,10349300276.7623,10174386856.6101,11078787090.1564,13316161002.3912,14331722703.4134,14251642235.0968
Nigeria,4196174501.5302,4467287893.08484,4909399176.24033,5165590253.7639,5552931318.82747,5874537650.18494,6366917453.23302,5203237918.70483,5200997919.60083,6634317346.27306,12546094981.562,9181769911.50443,12274416017.7976,15162871287.1287,24846641318.1242,27778934624.6973,36308883248.731,36035407725.3219,36527862208.7133,47259911894.2731,64201788122.6054,164475209515.939,142769363314.176,97094911792.0489,73484359521.4887,73745821158.2254,54805852580.9129,52676041931.1087,49648470440.4593,44003061108.4005,54035795387.8086,59526833412.3581,52058181853.8055,56721051402.4732,80399613063.6364,140919776986.364,185730236700.0,200850397618.182,218416200672.727,59145077039.1437,69171451627.2465,73557840064.489,95054059302.6995,104738954264.226,135764731645.611,175670569969.346,238454997161.48,278260846800.103,339476276257.793,295008835380.997,366990417129.04,414466676831.16,463971018239.281,520117180313.906,574183763411.508,493026682800.63,404649125252.16,375745731053.427,421739251509.08,668219992691.462,598586817819.073,609147716972.859,646950257577.814,487387801880.597,252261880141.151
Niger,449526873.29589,485785230.978987,531736599.250464,586294878.744643,582816396.404409,673383510.812866,702296078.593173,665586872.274446,641214226.209493,625867985.273798,649916621.242978,693573703.630273,742779660.818693,946385105.193732,1026137110.89309,1048690933.21027,1064517601.29025,1291458041.46193,1774365589.70815,2109277665.69912,2508524720.71895,2170893414.3888,2017612215.97935,1803099561.20046,1461243326.12882,1440581652.39853,1904096998.30009,2233006104.92776,2280356192.76273,2179567114.33391,3512356507.88599,3285796874.97125,3386232579.22522,3052673849.25181,1938058175.21399,2302537562.24406,2405686940.0464,2290318910.20658,2643363518.99272,2537789820.69295,2241753192.81158,2448714703.96617,2782192878.67204,3394084732.49543,3760443737.53797,4383315964.58718,4756361252.37923,5731485051.79069,7297600226.00536,7352131309.73341,7851192502.30917,8772950777.79176,9426912647.59111,10224897437.8648,10862943543.5419,9683867926.44282,10398861981.7583,11185104251.6943,12837307496.8821,12889555561.2299,13744653103.058,14915002436.069,15433852712.2963,16698786977.59,19876128485.7857
Namibia,,,,,,,,,,,,,,,,,,,,,2421990338.12083,2249908578.03115,2118710248.32937,2297400687.55049,1951260037.94542,1608237350.44365,1809048527.11034,2300068216.96898,2495094746.44024,2535135797.50766,2789921853.53112,2996869281.48364,3429521699.4026,3251188833.14533,3666503529.62911,3978514206.31168,3989163196.56767,4154989950.00393,3873109865.55683,3868551730.39163,3922232164.83175,3557341215.15159,3349169826.38896,4926439383.51425,6609205994.77406,7248374837.72056,8001779551.06323,8839536475.99963,8607431497.49471,8938847189.07592,11431412421.1316,12523359440.5499,13042053591.6857,12043307277.1235,12435430969.6301,11335161083.5061,10722018732.0936,12895153370.9132,13682019076.4022,12541928303.48,10583748541.5258,12402486183.6396,12569449123.3661,12408271449.2244,13372354511.716
Mozambique,,,,,,,,,,,,,,,,,,,,,,,,,,,,,,,,3854856434.58062,2798696511.18156,2883161897.42651,2958108170.32061,3061646173.73938,4030146134.5706,4873663774.93019,5551118148.73836,6285219691.22462,5930685214.61595,5650154067.10346,5950769426.60213,6583526860.58062,7937255565.35765,8868504899.94673,9509835536.93373,10811456005.9405,12920340964.6544,12263894790.0125,11411894723.864,14619279988.716,16688114144.0745,17198073057.1981,17978246586.0662,16208985769.615,12069051237.1711,13264640645.7768,15017358952.8452,15512759046.672,14235420174.1884,16168055475.4449,18883528581.3734,20921079532.6094,22745341305.0622
Morocco,2037154741.93211,2025693539.55842,2379611124.61442,2657252578.30763,2798345298.57781,2948331090.46752,2876401297.10759,3046345314.38655,3271422332.61996,3651622668.95103,3956336244.11865,4356669034.34266,5074117544.77482,6242145880.08876,7675466449.35531,8984853005.08058,9584297284.28316,11049783871.8144,13236946233.5759,15911994817.3107,21728516153.0907,17788185478.944,17692276734.171,16251408127.5735,14824667954.3674,14991283215.7408,19462085540.2231,21765195948.189,25705296183.5037,26314313191.1826,30179954774.9899,32285573573.9185,33711069430.78,31655473663.8348,35604137422.5796,39030285468.3841,43161571527.6353,39147844526.0838,46497608724.9865,46266428648.1433,43017455401.8445,43831480207.6444,47077192187.6418,58029363354.2757,66114145451.0067,68852658068.6673,75883823300.8545,86947913286.728,101822906949.063,101154952240.881,100865329473.44,110080631332.375,106937392311.129,115739287305.08,119130841411.664,110413823841.592,111572947004.917,118540573367.844,127341147581.818,128920266409.458,121353645057.144,142022058447.231,131245312804.483,146036093666.762,160610994054.734
Mauritius,162089563.829564,191757729.477729,197738207.858208,253839557.949558,218914569.184569,230024160.524161,227534083.454083,238439290.867222,206576630.576631,221553612.873613,224125805.005805,251437337.841491,318664899.637091,404285775.079719,669894029.624369,673311287.073382,713510051.522669,834722972.199873,1029040323.36704,1227446632.17561,1147027924.10804,1157769443.59463,1092923635.57767,1104956573.09802,1054564759.05328,1090611324.6814,1482601552.40192,1906174437.96762,2163252449.13108,2211312823.20576,2689212760.18576,2895354736.18332,3267677814.23984,3307302125.87528,3606050873.0139,4094741652.30048,4481489761.54368,4243755307.55239,4225813976.36359,4402193195.46945,4726108622.47661,4675755867.17657,4906494249.38255,5894873919.74797,6667418752.07307,6576108447.47531,7137710412.93687,8277442915.00168,10127777060.4113,9264513545.14108,10144716154.9356,11677718382.4259,11832323837.1071,12434596541.2996,13230490081.5656,12162211503.0793,12757680846.5663,13896938315.2799,14957535715.9696,14645235204.6176,11566111137.5568,11622048696.8129,12936444123.3037,14072212290.4596,14937861786.17
Mauritania,,159213430.204754,164271557.513473,168186297.281077,224495743.865038,255340474.997828,266533605.185831,282615310.216284,311395937.322956,295062308.474696,309405315.98667,335568907.051937,391669449.290746,493237876.273031,613010552.500776,703377837.452223,775045516.827791,799030017.057464,804629876.848091,951900945.252492,1047925105.54497,1105494681.63193,1108776652.78389,1165171263.34593,1074373230.36274,1009723326.32808,1186628778.4874,1344664724.68991,1414951290.06682,1450647019.18099,1506914407.82047,2133692696.74857,2164298425.48412,1847353211.3475,1944876755.00708,2091726101.43014,2132087009.28942,2071996564.05296,2032347664.94993,1985922775.53351,1779520886.47015,1746063557.61355,1777057481.26043,2051147606.73687,2362501023.24249,2936019525.60241,3919577285.92703,4346212355.02975,5206437193.80413,4714595547.75102,5628878797.98257,6764627745.9033,6728208836.22143,7223071097.08417,6592537781.81518,6166863896.68677,6398747592.13185,6800135898.28827,7473550557.07378,7894764885.82312,8260752385.23089,9222536364.01272,9557966698.25369,10726838461.3987,10908045686.8808
Mali,,,,,,,,275494477.586098,343771972.993855,339913867.092785,359772315.102198,395218628.920694,486617280.255549,563683703.304705,538747339.956033,830710615.179954,939228017.24779,1049838548.10919,1222702572.84699,1595422955.64433,2704362788.89611,2234583940.38676,1680304773.44143,1496616126.58634,1387809614.74905,1594347021.37347,2132938007.1056,2437004679.62818,2712207900.69838,2824822489.24628,3248417790.51435,3576562681.84236,3680775036.80972,3632801877.20684,2655768635.56694,3373322735.39126,3743103419.63057,3414879485.63064,3894433432.46871,4091446054.21272,3521570875.90793,4124281593.71774,4647238256.5683,5605613011.29045,6485774930.48034,7429066951.48251,8212007554.03129,9699047442.51269,11462490840.2784,12155217832.8781,12710739159.4045,15452791789.0031,14795114602.6396,15747192680.9101,17081681993.1695,15583181170.4105,16743796799.8329,18308362040.0521,20368015381.2413,20477421884.5414,20698560938.7775,22999245262.6719,22539987718.7642,24813860598.5307,26794747239.8805
Malawi,,,,,,,,,,,,,,,,,,,,,1801156774.56852,1801193909.52073,1717379494.63245,1780148049.43635,1758028656.12928,1646442272.89094,1722586299.409,1721711808.48111,2008189508.37875,2314205129.58032,2737087861.62245,3206783830.41779,2618837835.02508,3013392657.99911,1719864761.30628,2033701497.97085,3319573749.6119,3875785863.38323,2547609590.06984,2584478924.06081,2537307580.32808,2498008664.6691,5087328437.8737,4669789300.35662,5058726350.48896,5320409651.47544,5818279739.14354,6451210219.11683,7743617352.21427,9009887946.82039,10128323010.6049,11648142958.3651,8773203178.16512,8031571927.62055,8801326169.14547,9219474379.31534,7909868618.46366,8943543793.5839,9879220354.29186,11051852712.6142,11769313597.8545,12378119199.0839,12429059928.102,13363669672.9405,11316411329.4619
Madagascar,673081724.751168,699161944.558097,739286907.592778,759345863.732667,802482183.728778,833563472.9981,900264584.590829,956436932.101291,1031669637.39553,1056391055.59617,1111859570.88252,1199507631.07603,1341590690.41365,1653062335.00286,1917508190.04689,2283049215.35339,2181844178.5534,2358930406.0689,2669755115.10935,3463565853.81023,5201818347.79882,4759333998.36746,4784977325.95803,4686457031.2269,3905938480.86119,3802557894.8719,4347989788.09257,3212900555.8091,3189456965.0482,3175638332.64471,3931334875.01376,3254713056.02171,3714966678.33381,4063298919.2868,3522227092.22839,3838100903.74974,4931861038.70763,4262965419.74998,4401967632.73718,4277903780.29131,4629247203.84524,5438332601.90798,5351701663.40807,6372498889.66585,5064732626.29389,5859269752.61332,6395712490.94304,8524620889.57747,10725137723.6549,9616879409.43789,9982711338.07029,11551819617.874,11578975061.9479,12423555455.3853,12522957399.2281,11323020701.3017,11848613858.442,13176313593.5509,13760033282.2925,14104664678.5063,13051441203.9474,14354731964.3258,15325603272.6097,15869945477.8505,17420501490.1231
Libya,401644248.9423,443905612.037755,619725784.909686,892327910.668836,1341395421.44183,1804979680.40813,2312438535.82459,2726986912.80523,3850623094.95076,4380987481.20501,4601649451.34022,5260185125.41886,6299395543.96301,8625889429.58277,15112543717.1298,14710912457.6509,19096943016.5748,22428297107.5929,22136422643.3959,30536429496.9448,40953924948.7419,36374353880.3994,33760146990.5726,33200520139.9749,29476109152.7531,31530566324.273,24180400959.4288,26697659334.6911,24308959591.195,25156707899.1462,28904183602.4818,31991821264.7118,33887047909.2746,30660051910.5037,28610549763.4685,25541379186.6458,27884615384.6154,30700897874.8704,27251301398.2813,35975860857.1164,38270954138.1128,34112093927.254,20481889763.7795,26265625000.0,33122307692.3077,47334691241.4924,60094231606.642,68032978390.6007,86710767415.1371,60808562033.4191,75380825062.4216,48169263294.1007,92540938129.1315,75351107029.0605,57372355592.022,48717501321.3052,49912073701.298,67157452181.7738,76686029772.1483,69254496471.6938,46854285440.642,35217995647.2862,43246297921.8499,44027664915.187,48487151215.345
Liberia,190495600.0,183920900.0,191861800.0,200229600.0,218929100.0,229260800.0,244459500.0,261024300.0,276820700.0,306961800.0,323099700.0,341543100.0,368098000.0,386968300.0,486955000.0,577549300.0,596675700.0,673010600.0,717240400.0,814067900.0,854711500.0,846514500.0,863933200.0,823374900.0,848478300.0,851296100.0,840964400.0,972800000.0,1038300000.0,786300000.0,384400000.0,348000000.0,223500000.0,160400000.0,132200000.0,134800000.0,159400000.0,295900000.0,359600000.0,441800000.0,874000000.0,906000000.0,927000000.0,748000000.0,897000000.0,949000000.0,1119000000.0,1373000000.0,1726000000.0,1768000000.0,1998000000.0,2398000000.0,2791614000.0,3177198100.0,3225652000.0,3227075700.0,3398419600.0,3390703400.0,3422754800.0,3319596500.0,3176126300.0,3513049500.0,4001047000.0,4390000000.0,4779300900.0
Lesotho,34579986.1680055,35699985.7200057,41859983.2560067,47039981.1840075,51939979.2240083,54879978.0480088,56699977.3200091,59261976.2952095,61445975.4216098,65967973.6128106,68739972.504011,76480285.0044113,80913200.4292822,121188715.759865,150851316.52727,149558895.914581,147660036.915009,193315048.328762,266570066.642517,290134592.523007,431542536.663782,434188034.188034,348741683.673845,386699308.859169,333163670.280225,268629925.852805,318858422.989262,402768324.481971,470395800.600668,495409232.627579,596410263.743849,704325366.718393,831029861.704746,835582062.476169,878250945.280469,1001894000.27846,946112492.844847,998004258.715675,928460893.108965,912773681.050642,887291687.920796,825706961.238689,775777238.55814,1157825434.78971,1511236655.52047,1682343527.49221,1800092563.75462,1682131784.51365,1766902709.19935,1740894964.80511,2234754241.91918,2579409619.96722,2477702216.26888,2367112931.642,2441063054.05792,2359686724.53829,2114426452.2019,2306741672.29006,2556247291.99785,2390702295.82777,2053699863.99625,2412130056.55851,2354980960.02697,2117962445.37471,2271759454.51107
Kenya,791265459.493816,792959472.816211,868111400.75544,926589349.36426,998759334.496266,997919320.832272,1164519674.19213,1232559506.9762,1353295458.68182,1458379416.64823,1603447358.62106,1778391288.64348,2107279157.08834,2509001324.34591,2969958812.01648,3259345083.26283,3474542391.69992,4494378764.32011,5303735110.55151,6234391113.46434,7265315820.20777,6854491705.88377,6431579356.95926,5979198313.76093,6191437070.18411,6135034213.78998,7239126568.14092,7970820369.2949,8355380879.12955,8283114514.17081,8572359038.16958,8151488783.19064,8209120763.04955,5751786642.55871,7148148564.04239,9046320255.40507,12045865396.1323,13115764358.2846,14093998843.7334,12896010459.3711,12705350097.8044,12986007425.8781,13147736898.5176,14904517649.8476,16095337093.8366,18737895512.7378,25825512284.2891,31958195182.2406,35895153327.8497,42347217912.9176,45405615063.7551,46869473150.61,56396704671.5777,61671440407.8387,68285796514.2896,70120446896.8359,74815144163.8931,82036510877.2599,92202979985.2863,100378436207.371,100657505750.545,109703658904.994,114448978152.637,107500884685.013,120339557905.932
Guinea-Bissau,,,,,,,,,,,204670550.76064,204167296.856603,227986203.29754,232331281.355932,256769730.263158,283311996.82299,292152321.493146,298871674.860041,318876550.432277,308143183.311819,287648258.258297,402230865.151515,430284021.883771,425225176.812165,359980490.728569,373959151.148591,338524232.567315,451893374.95907,427514321.528126,554072302.828333,634187269.235013,668470890.785147,588309271.28603,615779518.807114,612502084.797565,660195402.013602,702965147.568054,698107222.422492,591034143.426384,579365780.135134,391345597.488269,412610871.509121,466773711.235579,553614800.145707,582169841.298304,639776040.688424,634781901.251494,753162998.015113,952667544.037289,890167833.369849,940112538.936436,1157074319.19388,1049412177.11413,1109682824.13594,1135250721.0374,1152384166.79638,1245074264.10396,1469978606.12143,1554133593.91699,1596227316.34846,1705057581.09946,1908094558.33981,1859601384.05928,2127688181.12014,2218393804.54798
Guinea,,,,,,,,,,,3220224607.81851,3594302908.06164,4203069035.01427,5152080387.55572,5691417541.33871,6102769605.43001,6762781870.6211,6914381290.57116,8087305999.0597,8877094497.44971,9746524915.08071,9646440666.52864,11926032493.4301,15129893722.3449,18421497251.1767,22787644565.9059,2909130355.238,2976714019.06852,3476480303.12273,3546079262.94987,3888320665.52218,4396178694.1535,4789220416.70641,4781166116.51789,4932800406.92974,5385704166.43341,5641243099.76661,5516916163.0949,5232118046.3713,5046806782.54761,4367458866.71537,4125527603.22908,4301608752.51396,5025167975.26363,5300767960.51572,4282468636.90501,4220019845.26341,6281918226.34408,6964179983.17212,6716905339.73136,6853467145.53089,6785137203.33153,7638044556.84656,8376613539.28278,8778473372.82124,8794201742.84609,8595955222.49719,10324668271.1362,11857030366.7891,13442861496.4454,14088693742.9464,17069115737.8259,19910452541.9219,22407615556.0571,25008678293.4084
Ghana,1217230094.97205,1302674324.88378,1382515654.47343,1540797588.57221,1731296199.52296,2053462968.0426,2126300672.22965,1747187644.9031,1666909517.65205,1962050555.7775,2215028588.45646,2417108577.52739,2112293279.98507,3006766758.43977,2894409937.8882,2810106382.97872,2765254237.28814,3189428571.42857,3662478184.99127,4020227920.22792,4445228215.76763,4222441860.46512,4035994397.7591,4057275132.27513,4412279843.44423,4504306722.68908,5735677433.82683,5074829931.97279,5197765031.64557,5251858439.874,5889106573.46088,6603185267.79643,6416103925.83267,5968922939.37198,5446383726.77047,6464382807.67884,6932991739.37767,6891443192.24985,7482069162.42008,7718109982.26093,4982850662.20851,5314872854.4405,6166197847.85031,7632723555.66221,8881417906.71432,10744568381.4456,20885037596.6963,24827339138.4906,28679383241.0729,26048720005.5233,32197655566.5347,39336668080.559,41271701060.954,62845721959.827,54678533805.9064,49436806230.4839,56144179397.8516,60385409434.8567,67259353965.6087,68352629246.1555,70008243859.8666,79514204730.3979,73919003209.9866,80547146878.3843,82308110386.4641
"Gambia, The",,,,,,,44212081.3502297,46695006.9579374,41160065.8561054,45168072.2689156,52296083.6737339,55728663.222684,59160569.4804413,75187749.0961317,95796021.6888272,115179719.077633,112190829.470457,138093099.09774,171833086.019624,207112627.726094,241083090.303623,218767743.459101,216050552.301584,213448584.936945,177340880.086204,225726358.890914,185646986.824927,220626484.224811,266672211.934161,284120329.401023,317083695.477797,690311080.515018,714254256.122189,755040974.087322,746493951.900959,785999864.840299,848239446.21576,803633342.473706,840285264.631545,814724032.065735,782913871.80966,687410645.063943,578235309.327198,487038685.045496,961900651.423441,1027701067.55688,1054112487.74083,1279703047.0221,1561766955.73024,1450142508.57808,1543294926.87301,1409693596.93594,1415004738.26621,1375609453.43746,1229461721.40861,1378176608.93204,1484578885.97132,1504909462.69521,1670671327.81651,1813609692.49994,1812170891.19069,2014158842.14596,2204734527.88096,2382262184.68273,2404888749.21907
Gabon,141468977.799846,167637907.122782,182796536.266025,154480244.055222,215679855.342091,226474285.779063,245849781.273234,271543680.048895,294468564.245272,318124701.478771,323802475.512425,381687072.622379,430508358.514204,722780701.295854,1544216001.66059,2157592940.04234,3009409974.26856,2809349069.22118,2389479271.66616,3030251120.09759,4279637942.25144,3862269120.53497,3618007841.13503,3391275731.53751,3561451560.50783,3339914757.22872,3403638189.20049,3281797043.04996,3834503376.02992,4186411463.85975,5952293764.84777,5402919784.57004,5592390827.39854,4378645081.01769,4190819344.22255,4958845648.04778,5694040002.89863,5326817114.53586,4483417309.83011,4662992036.2073,5080483628.53013,5023265413.2623,5335451099.88223,6511903365.47554,7770219008.21293,9582783990.85345,10327598306.4575,12455409587.3371,15571348344.3379,12113699068.2517,14372593020.2885,18210307743.5816,17170464016.0593,17595744798.3398,18203966895.8433,14383107762.6952,14023890265.3665,14929487485.1623,16867326401.9626,16874405465.391,15342236163.9864,19444935097.2395,20440655695.1804,19388372070.9778,20895684425.6752
Ethiopia,1610511693.84215,1680859514.1016,1747566307.0997,1825058827.83853,1984129185.6,2159998591.2,2324466416.0,2461762002.8,2619948864.8,2768987372.0,3045354454.8,3224280834.97092,3520252938.26087,4070570549.8642,4577209966.18358,4577047854.10628,4943806093.23672,5651840584.54106,6014961434.78261,6586048398.06763,7012585454.10628,7507663566.66667,7899988840.57971,8781664427.05314,8298309580.67633,9717392686.95652,10094328898.0676,10790001557.971,11181119717.8744,11762932007.2464,12478943895.1691,13799799323.6715,10754799036.5745,9051043870.12197,7100806753.92942,7855205206.93405,8761215548.48614,8803539988.33248,8013274131.69715,7892973531.80045,8242349617.8638,8231326016.47494,7850809498.16803,8623691300.04079,10131187261.4421,12401139453.9738,15280861834.6024,19707616772.7996,27066912635.2228,32437389116.038,29933790334.3418,31952763089.33,43310721414.0829,47648276605.0123,55612228233.5179,62103418181.8182,68475871209.607,76366081766.6667,83337901071.9697,91834517112.628,98676811061.4035,109070960371.859,123140304666.0,135874093202.492,149740297952.986
Eswatini,35076845.9692616,43026042.7895829,45927961.6288154,54129438.3482247,64980554.0077784,70279971.8880112,76859969.2560123,74759970.096012,79799968.0800128,105419957.832017,112139955.144018,136462080.739132,146736479.235097,221915127.550763,264320940.959002,288299788.508035,272550068.137517,304060076.015019,340630085.157521,412093133.760988,541976852.577057,570774824.830585,537568059.413381,555336145.767884,494483408.878468,360079419.385958,449140318.385038,584126092.258819,692026454.737872,696921542.378265,1114694040.66987,1156135717.94598,1284759927.54594,1357189551.68431,1419294254.4183,1698989463.99106,1602741833.70552,1716714070.12471,1576908856.34674,1547888495.98428,1697161557.89452,1502870485.88122,1393945030.65105,2149632433.27703,2710331785.24986,3097946371.06311,3215307900.74767,3391122887.17476,3235921170.5095,3525213502.43118,4360714358.88708,4722912047.32265,4747813067.26006,4463396204.01995,4285065665.03168,3908217914.21824,3722306116.72872,4462640651.49219,4643751059.28203,4617018958.69086,4134677809.50096,4807069277.20114,4746660273.50829,4621191261.84214,4858885840.77236
Eritrea,,,,,,,,,,,,,,,,,,,,,,,,,,,,,,,,,477101651.648376,467872714.755603,531688311.688312,578015625.0,693535954.190067,686490090.140141,745523116.900052,688918537.115555,706370815.584416,752371688.743186,729321680.154324,870248267.550163,1109054005.43971,1098424685.66169,1211161879.6748,1317974491.05691,1380188800.0,1856695551.21951,1589515447.15447,2065001626.01626,,,,,,,,,,,,,
Equatorial Guinea,,,37253333.3333333,44266666.6666667,51915000.0,64748333.3333333,69110000.0,72317446.9327193,67514285.7142857,67225714.2857143,66331428.5714286,64946954.756798,65429198.238708,81203226.9138345,94159862.7073691,104295643.388437,103653049.93797,103987520.075827,,,50642880.7737503,36731422.8456914,44294647.733479,44442456.94764,50320914.4065688,62118569.9654481,76407395.8727542,93345859.52973,100534656.881732,88265974.861049,112119411.489965,110906028.536862,134707183.84662,136047906.245408,100807002.540195,141853360.867855,232463022.802961,442337870.69437,370687634.425712,621117885.668503,1045998496.43872,1461139022.02954,1806742742.27311,2484745935.09329,4410764338.66733,8217369092.65224,10086528698.8604,13071718758.7373,19749893536.3204,15027795173.2187,16314443436.2903,21357343668.9447,22388344143.9131,21948834283.7856,21765453081.9826,13185496881.0174,11240808847.8878,12200913878.9827,13097012133.6159,11364133549.7478,9893816007.7398,12215878032.7166,13687643435.6249,12337550583.754,12765777677.0622
"Egypt, Arab Rep.",4206270352.22633,4494575611.21289,4035462027.39753,4187146231.56839,4709245761.67881,4948667540.41066,5278005611.91453,5605484298.98275,5932242990.65421,6524455205.81114,8042200452.1477,8609283346.08518,9299638055.84281,10098534613.4411,9228963224.60004,11632178868.9171,13315988083.4161,14400806875.9867,14811704063.0685,18020571428.5714,21669908176.3889,22136081081.0811,27655172413.7931,30966239813.7369,33971188991.6147,39053502251.0732,41253507951.3564,40455616653.5742,34980124929.0176,39756299049.9793,42978914311.3504,37387836490.5284,41855986519.4235,46578631452.581,51897983392.6453,60159245060.4541,67629716981.1321,78436578171.0914,84828807556.0803,90710704806.8416,99838543960.0763,96684636118.5984,85146067415.7303,80288461538.4615,78782467532.4675,89660339660.3397,107426086956.522,130437828371.278,162818181818.182,189147005444.646,218983666061.706,235989672977.625,279116666666.667,288434108527.132,305595408895.265,329366576819.407,332441717791.411,248362771739.13,262588632526.73,318678815489.749,383817841547.099,424671765455.704,476747720364.742,395926075163.006,389059911003.566
Djibouti,,,,,,,,,,,,,,,,,,,,,,,,,,340989527.967995,,373371738.286415,395794538.630775,409220087.102818,452328087.282876,462421998.525779,478058304.871118,466048469.22986,491689220.744875,497723960.589913,494004647.73437,502675542.001227,514267869.300758,536080148.097299,551230861.856505,572417440.820162,591122039.601398,622044665.515049,666072101.777505,708633194.726566,768873684.032838,847918929.107984,999105339.267729,1049110684.72493,1128611700.3618,1239144501.77525,1353632941.5207,2044440443.16654,2220637966.25047,2424391785.43897,2604955228.70117,2762581334.22612,2913464658.08768,3088851450.30694,3144136196.6228,3392796953.08939,3562814908.76149,3898447007.38798,4152145939.98458
Cote d'Ivoire,546203559.344361,618245634.179831,645284473.733691,761047198.029653,921063326.589918,919771228.816095,1024102880.05862,1082922724.87189,1281281276.72357,1361360293.42665,1455482795.40691,1584128509.46873,1849400401.64724,2508421426.17572,3070152309.21903,3893839190.26806,4662053824.83955,6265068189.37782,7900526298.31993,9142933966.79465,10175617609.0962,8432589942.39434,7567110848.92228,6838184772.52063,6841639246.8996,6977650643.99488,9158302099.57957,10087654464.8168,10255169805.7996,9757410644.6679,10795850582.779,10492628580.7484,11152971273.9383,11045760288.1206,8313557510.14757,11000146266.5135,18071152830.6101,18047558037.7036,19619654755.679,18870992455.568,16577533891.8785,16810537043.8407,18054383320.8474,21251754340.4305,23510575681.3686,24036918703.1747,25281413263.3712,28760090953.3081,34078240293.2559,33886813250.2036,34936307980.063,36693710801.3976,36302302877.2977,42760235484.6093,48843005613.7091,45815005169.2651,48407761036.8238,52512343996.69,58522477786.6889,60382894697.3557,63027852805.4204,72794636653.7793,70922824813.9102,80780312569.1646,87113179149.284
"Congo, Dem. Rep.",3359404117.64706,3086746857.14286,3779841428.57143,6213185742.57426,2881545272.72727,4043901818.18182,4532660181.81818,3384063371.75792,3909780538.92216,5032434970.05988,4877684910.17964,5594770359.28144,6173712814.37126,7870239461.07784,9596960179.64072,10237343173.6527,9648583224.99212,12344424763.5727,15372608002.3923,15068422236.3663,14394927494.8647,12537821038.2202,13651667371.1676,11006712650.4481,7857729193.20343,7195042616.0071,8095367168.21769,7661625472.57705,8861299976.74158,9021862775.18112,9349764580.41173,9625436872.51075,8227343907.26679,10706259936.7425,5820382248.28202,5643439376.10491,5771456952.1908,6090838693.27145,6217805820.77104,4711259427.27273,19088046305.7971,7438189100.33333,8728038525.14034,8937567059.87754,10297483481.223,12609728573.1032,15484044534.5783,18374807772.5429,22723488723.3641,18607259480.5447,24161641931.0331,26392379641.765,30029369928.7318,34891189160.3002,38352980552.8665,40179574490.3032,38600224214.4728,37537521565.5308,46659954092.4862,46845900350.0332,46691989748.9186,59067289573.5102,70422346142.2023,69843655425.2929,70962185790.7094
"Congo, Rep.",131731862.783017,151675738.926342,166521239.650243,172233430.657858,185693724.905233,198318064.028924,220613581.972601,237397428.13501,251247457.765525,265040036.417215,274960699.885255,322128018.955444,410669263.651798,541973362.610423,585364634.473977,767102680.239967,754549601.391492,765224029.286556,878771772.202149,1198749667.42923,1705796852.89473,1993512322.62391,2160640564.56041,2097274289.75066,2193581365.34299,2160872540.03175,1849268212.30284,2297753652.34929,2212536311.99319,2389593025.60339,2798746050.11354,2724853505.80336,2933222703.0334,2684323623.14372,1769365437.78801,2116003867.75536,2540697539.05773,2322719102.6909,1949481379.21951,2354772960.28296,3227927697.57921,2796704604.03812,3034250923.97726,3503723087.74483,4656974940.12721,6650001680.48544,8072305029.06514,8782703436.70188,11649857673.4436,9723299915.25312,13148396211.5955,15655383576.6515,17692911296.3044,17958720699.0868,17919321078.0284,12434793867.3568,10931328150.8478,11834473039.3645,14773900288.5135,13976637779.9763,11468687464.0046,14825690210.9157,15817030154.6941,15321055822.5167,15719986076.6464
Comoros,,,,,,,,,,,,,,,,,,,,,243390495.918962,212958381.535437,202152461.76282,196193379.743828,189102734.154019,191944891.602832,258143902.889842,313292322.956214,336422522.407114,328665080.847046,401561021.549642,400592662.610246,436552922.121696,427750822.87347,314789556.044396,392774713.634182,392488148.725187,362816806.134452,363932160.233771,371921712.454518,339504306.290689,372746486.166796,427360070.324544,546830040.540273,622679660.37137,655375095.906176,688498641.512529,795673152.867077,915659107.965823,905341172.70583,907978730.887844,1023086273.53336,1015843490.82374,1116224106.83728,1149587661.00693,966029600.862227,1012835493.19325,1077439756.59451,1178530633.24599,1187915408.87243,1218763671.26563,1272238390.85864,1222485532.31976,1326836543.00797,1440991455.45188
Chad,313582728.147574,333975336.110722,357635713.41932,371767002.194886,392247517.728482,416926303.316872,432794921.680489,449826322.613453,453980096.208711,471635621.561599,469266736.650677,501866730.148987,585427546.798272,647199482.982537,652532795.084805,864602104.679653,866044962.016274,935360464.701341,1113920123.76723,1004316496.35051,1033002403.85304,876937558.273757,834369859.663018,832415806.010064,919103734.876996,1033069709.3319,1067828245.86207,1163426852.20442,1482597297.98821,1433686312.02914,1738605557.76313,1877137981.75712,1881847669.69794,1463251163.9188,1179837963.22213,1445919894.57661,1607345355.78298,1544689576.92712,1744794531.21401,1534673583.2487,1388506771.58756,1710843377.00119,1997005708.81576,2742815071.5744,4422855660.82592,8655892392.92919,9709626596.13031,10865385131.5172,13385593990.3378,12317614053.6841,14058506663.7252,16685349673.9957,17892228569.8861,17865316886.3315,18144336903.7175,14559599499.5011,13026289835.7789,13349041408.7152,15327000248.8701,14905517742.8454,14932897821.2387,16871937697.5854,17828508289.6049,18340233748.8805,19518819751.283
Central African Republic,112155598.492157,123134583.463559,124482773.83306,129379123.76305,142025078.735754,150574795.409863,157930018.091087,163820513.562432,191767441.604577,188039210.130379,189106529.207011,201450799.82635,230317883.36443,271183082.043062,281398705.570596,378660016.265936,451152461.31276,507298147.526539,610578631.992983,700764747.756462,797048198.534875,694803622.898966,748312390.756606,658679332.681331,637820670.299604,864849836.286193,1122265013.42004,1200991977.80801,1264899287.51261,1233930280.91724,1440711459.16967,1377374986.58709,1411917553.12436,1278781261.55928,851174356.781737,1115389673.69197,1007791127.09913,937741513.015352,967338389.650578,999477510.686632,916777282.691659,932648604.751954,996068144.884889,1142315522.53864,1272360517.32373,1337894378.73743,1461859762.33459,1699811294.94935,1993407888.49838,2067381665.25454,2142591540.40068,2437982705.12093,2510126512.22831,1691544110.18543,1894813389.40325,1695825714.19282,1825018144.65595,2072349972.6818,2220979146.11241,2221301351.43918,2326720900.38047,2516498412.46384,2382618615.01694,2555492085.94725,2751494281.06887
Cabo Verde,,,,,,,,,,,,,,,,,,,,,142246815.345007,139468209.116206,140630678.983478,138476175.620363,132019038.591628,137728204.813735,190651167.559385,235253064.70982,264308140.285149,267448571.414611,306890962.649533,319827058.592875,357160985.327413,490417389.682569,406580652.330537,487148993.533109,501979269.843942,490608657.924976,521910560.524868,592416703.058878,539227277.626411,563090490.377368,620507387.466174,813260468.873834,924940011.836897,972241676.907662,1107571457.90614,1649621738.63689,1959620648.31578,1852334575.17521,1824751467.92957,2046817987.20109,1913081210.41411,2028910915.16446,2041930125.42979,1749857620.35329,1849789985.99572,1996741539.95088,2205099506.99994,2252177124.32402,1821565613.68613,2051842618.70539,2247003344.34242,2504525548.71164,2725414150.72735
Cameroon,614206068.497266,652777608.320492,694247864.3789,718320845.044338,776650176.904453,814083265.511426,851112534.552636,936175260.030919,1046191217.79942,1100551488.62689,1151216992.88095,1236941394.11447,1498251889.66287,1901393361.02282,2157415532.54796,2857037371.05886,2898090001.8562,3394664024.05503,4662852583.13256,5919002982.602,6674569046.6832,6610938616.6643,6611255963.83584,6870200009.90065,7311938026.36713,8544810497.9889,11857056199.0765,13049659981.1373,12236057362.4917,11012566195.0255,12314482627.8454,11840192296.3893,12071775335.0433,16181814712.5295,8902446252.18372,10864772470.9043,11093538846.4483,10789458432.6416,11298144990.4104,11565826464.8921,10566579294.9831,10953485349.1135,12417251350.4882,15970315034.9903,18826214135.6419,19509852206.9341,20910512974.933,23928250433.0378,27715142032.913,27932970317.129,27507501821.0296,30630910495.217,30155062329.2821,33728621180.3231,36386544706.0806,32210233020.4569,33814337044.3765,36098547033.1655,39955552189.795,39667757527.6578,40773241177.0505,45011937346.8384,44347206072.5513,48814501547.4313,53296694320.2057
Burundi,195999990.0,202999992.0,213500006.0,232749998.0,260750008.0,158994962.962963,165444571.428571,178297142.857143,183200000.0,190205714.285714,242732571.428571,252842285.714286,246804571.428571,304339523.902476,345263492.063492,420986666.666667,448412753.623188,547535555.555556,610225555.555556,782496666.666667,919726666.666667,969046666.666667,1013222222.22222,1082926304.46477,987143931.166987,1149979285.77347,1201725497.06578,1131466494.01101,1082403219.48787,1113924130.41149,1132101252.51817,1167398478.3459,1083037670.60484,938632612.026359,925030590.153683,1000428393.88528,869033856.317093,972896267.915425,893770740.207416,808077223.365746,870486065.883137,876794723.068586,825394519.423728,784654423.620476,915257323.3961,1117113079.73645,1273375078.44844,1356199387.42308,1611835857.04588,1775495032.424,2032135192.01248,2235812879.56709,2327402362.81574,2451624637.67157,2705826648.21019,2810532912.49975,2618093125.14687,2831362208.34039,2913411408.44783,2871555326.31029,3227847281.31544,3435598072.7935,4036192552.88879,3430949249.91221,3082433067.32634
Burkina Faso,330442815.821186,350247234.260712,379567099.249422,394040667.106335,410321644.964911,422916789.7483,433889766.239436,450753923.548048,460442689.376378,478298645.39382,458404268.761971,482411179.121178,578595521.990135,674773569.877548,751133430.449301,939972703.463021,976547188.054778,1131224878.18865,1475583644.93614,1748480620.52397,1928719888.20688,1775842333.57042,1754450096.23721,1600278605.25465,1459880132.14107,1552493196.28424,2036303357.68113,2369834949.73234,2616040478.99309,2615587733.97303,3101300778.56414,3135045584.08387,3356692505.18266,3199536465.23328,1895290637.09504,2379517975.28056,2586550595.41013,2447669101.95178,2804902367.14687,3389566712.66037,2968370087.59759,3190371080.94768,3622350062.96053,4740768142.67494,5451688537.60959,6146353173.34929,6547419820.38113,7625722836.76847,9451435490.11467,9450696873.34326,10109619740.6994,12080295977.5632,12561015156.5683,13444300485.8412,13943016076.7436,11832159315.6298,12833363045.3367,14106955615.3442,15890066221.2882,16032813503.3707,17725010532.5268,19697516284.3787,18622421394.6133,20112614449.2039,23124729853.0218
Botswana,30411413.6552828,32902612.8664855,35644956.6430429,38091842.8546863,41616347.7906865,45788696.3343915,51465655.3921083,58642354.089673,66248441.4182466,77361546.5067537,96243233.6609837,127448613.505061,164460914.977201,244124164.042218,306044207.530203,355168571.536751,372025093.006273,451624780.274597,590407374.447116,819870258.783053,1060889703.75374,1073812830.30052,1014945695.71927,1172230396.58099,1240822167.43571,1114783342.71539,1392602163.53829,1965226890.04557,2644554158.72794,3083822112.02023,3790636324.44775,3942876703.45184,4146464586.61674,4160129174.70569,4259259604.15623,4730599121.92704,4847757217.75815,5020265626.66489,4790481509.17679,5484263346.88105,5788329609.15755,5489608299.66445,5438863982.88692,7511582173.37724,8957467706.5354,9918907108.09702,9919158482.41085,10567270655.5027,10730829116.4105,10118459242.3183,12637273429.1339,15110643612.1729,13907464500.1489,14271738933.2042,15470088500.7414,13530748844.505,15082637184.0496,16105155856.7708,17031943186.1353,16725908148.5481,14960251607.8135,18750182236.2211,20321150599.1523,19411266967.1044,19402063512.9066
Benin,226195578.434497,235668220.508202,236434954.038578,253927697.25805,269819005.87814,289908680.426395,302925235.151997,306221953.104911,326323105.26476,330748244.539574,333627713.494438,335073027.54117,410331856.991218,504376074.185709,554654860.702577,676870140.341529,698408261.922237,750049778.84069,928843469.431727,1186231019.82044,1405251846.54048,1291120188.43104,1267778670.35902,1095348199.43911,1051134008.78979,1045712789.14884,1336102025.27763,1562412227.90058,1620246083.79478,1502294416.17129,1959965330.14765,1986437796.53053,1695315305.70308,2274558082.76135,1598075943.86774,2169627137.9207,2361116449.39308,2268301646.46707,2455092686.34712,3677393998.74486,3519991440.47913,3666222635.13875,4194342686.2178,5349258094.48239,6190270380.49856,6567654954.38903,7034111314.88812,8169048382.83875,9787734526.23965,9738626517.00319,9535345015.78355,10693321363.6574,11141358115.8991,12517845123.9315,13284527846.9081,11388160996.7738,11821065853.3838,12701655836.9467,14262408089.9261,14391686313.4641,15686741883.934,17687623530.3355,17425405090.862,19673291004.1444,21482643706.4249
Angola,,,,,,,,,,,,,,,,,,,,,5930503400.96263,5550483035.96497,5550483035.96497,5784341596.36339,6131475065.17815,7554065410.121,7072536108.69711,8084412414.26566,8769836768.83482,10201780976.6696,11229515599.3048,10603784541.197,8307810973.58848,5768720421.61367,4438321017.39068,5538749259.94714,7526421519.16979,7648380195.59902,6506221615.78722,6152923310.44546,9129594970.15301,8936079117.73136,17311512432.451,20342128111.9753,26997977896.5924,41396636383.3725,58653659979.711,73037821926.6813,98790432989.4067,81705175408.3893,95546919754.7633,125551634704.473,143572907527.976,148845200696.792,153449860496.402,102543067840.732,59878249719.3279,84376935689.3366,89512794227.495,80734428592.5368,58852456453.8769,79559543805.2963,131212208930.344,107167747140.127,100998916781.079
Algeria,2723615451.30098,2434747055.94018,2001444543.91885,2702982017.63803,2909316435.2874,3136284306.85469,3039859187.45164,3370870376.29682,3852147026.77302,4257253264.08834,4863526896.57407,5077183093.88968,6766743956.88889,8707858912.12481,13209871625.9044,15557902754.033,17728240932.3158,20972113684.9558,26364491313.4471,33243706859.6596,42345829079.2062,44348590460.9288,45207167470.3497,48801369800.3675,53698548293.0745,57937868670.1937,63692007897.3834,66745818375.493,59089396860.4342,55634721572.7343,62048507531.3357,45715676428.2766,48003133346.9957,49945584452.6506,42543176828.9237,41764291671.7711,46941554225.3581,48177612042.1507,48187781984.4881,48640671734.9711,54790398570.3282,59413400923.6364,61516103406.1688,73482264190.9245,91913680985.1708,107046618669.707,123084258693.01,142482739809.849,180383848331.135,150317292079.359,177785053939.531,218331946925.304,227143746075.934,229701430292.157,238942664192.59,187493855609.345,180763839522.151,189880896903.073,194554483655.528,193459662090.677,164873415325.201,186231205262.082,225581644702.568,247923887214.655,269322281664.773
